"url_bulletins","year","month","code_region","name_region","lat","lon","cases","Unit","incidence","population"
"https://github.com/fbranda/measles/blob/main/Italy/2020/bulletins/RM_News_2021_63.pdf",2020,"1",13,"Abruzzo",42.35122196,13.39843823,0,"N/1000000","0.0",1281012
"https://github.com/fbranda/measles/blob/main/Italy/2020/bulletins/RM_News_2021_63.pdf",2020,"2",13,"Abruzzo",42.35122196,13.39843823,1,"N/1000000","0.8",1281012
"https://github.com/fbranda/measles/blob/main/Italy/2020/bulletins/RM_News_2021_63.pdf",2020,"3",13,"Abruzzo",42.35122196,13.39843823,0,"N/1000000","0.0",1281012
"https://github.com/fbranda/measles/blob/main/Italy/2020/bulletins/RM_News_2021_63.pdf",2020,"4",13,"Abruzzo",42.35122196,13.39843823,0,"N/1000000","0.0",1281012
"https://github.com/fbranda/measles/blob/main/Italy/2020/bulletins/RM_News_2021_63.pdf",2020,"5",13,"Abruzzo",42.35122196,13.39843823,0,"N/1000000","0.0",1281012
"https://github.com/fbranda/measles/blob/main/Italy/2020/bulletins/RM_News_2021_63.pdf",2020,"6",13,"Abruzzo",42.35122196,13.39843823,0,"N/1000000","0.0",1281012
"https://github.com/fbranda/measles/blob/main/Italy/2020/bulletins/RM_News_2021_63.pdf",2020,"8",13,"Abruzzo",42.35122196,13.39843823,0,"N/1000000","0.0",1281012
"https://github.com/fbranda/measles/blob/main/Italy/2020/bulletins/RM_News_2021_63.pdf",2020,"8",13,"Abruzzo",42.35122196,13.39843823,0,"N/1000000","0.0",1281012
"https://github.com/fbranda/measles/blob/main/Italy/2020/bulletins/RM_News_2021_63.pdf",2020,"9",13,"Abruzzo",42.35122196,13.39843823,0,"N/1000000","0.0",1281012
"https://github.com/fbranda/measles/blob/main/Italy/2020/bulletins/RM_News_2021_63.pdf",2020,"10",13,"Abruzzo",42.35122196,13.39843823,0,"N/1000000","0.0",1281012
"https://github.com/fbranda/measles/blob/main/Italy/2020/bulletins/RM_News_2021_63.pdf",2020,"11",13,"Abruzzo",42.35122196,13.39843823,0,"N/1000000","0.0",1281012
"https://github.com/fbranda/measles/blob/main/Italy/2020/bulletins/RM_News_2021_63.pdf",2020,"12",13,"Abruzzo",42.35122196,13.39843823,0,"N/1000000","0.0",1281012
"https://github.com/fbranda/measles/blob/main/Italy/2020/bulletins/RM_News_2021_63.pdf",2020,"Total",13,"Abruzzo",42.35122196,13.39843823,1,"N/1000000","0.8",1281012
"https://github.com/fbranda/measles/blob/main/Italy/2020/bulletins/RM_News_2021_63.pdf",2020,"1",2,"Aosta Valley",45.73750286,7.320149366,0,"N/1000000","0.0",124089
"https://github.com/fbranda/measles/blob/main/Italy/2020/bulletins/RM_News_2021_63.pdf",2020,"2",2,"Aosta Valley",45.73750286,7.320149366,0,"N/1000000","0.0",124089
"https://github.com/fbranda/measles/blob/main/Italy/2020/bulletins/RM_News_2021_63.pdf",2020,"3",2,"Aosta Valley",45.73750286,7.320149366,0,"N/1000000","0.0",124089
"https://github.com/fbranda/measles/blob/main/Italy/2020/bulletins/RM_News_2021_63.pdf",2020,"4",2,"Aosta Valley",45.73750286,7.320149366,0,"N/1000000","0.0",124089
"https://github.com/fbranda/measles/blob/main/Italy/2020/bulletins/RM_News_2021_63.pdf",2020,"5",2,"Aosta Valley",45.73750286,7.320149366,0,"N/1000000","0.0",124089
"https://github.com/fbranda/measles/blob/main/Italy/2020/bulletins/RM_News_2021_63.pdf",2020,"6",2,"Aosta Valley",45.73750286,7.320149366,0,"N/1000000","0.0",124089
"https://github.com/fbranda/measles/blob/main/Italy/2020/bulletins/RM_News_2021_63.pdf",2020,"8",2,"Aosta Valley",45.73750286,7.320149366,0,"N/1000000","0.0",124089
"https://github.com/fbranda/measles/blob/main/Italy/2020/bulletins/RM_News_2021_63.pdf",2020,"8",2,"Aosta Valley",45.73750286,7.320149366,0,"N/1000000","0.0",124089
"https://github.com/fbranda/measles/blob/main/Italy/2020/bulletins/RM_News_2021_63.pdf",2020,"9",2,"Aosta Valley",45.73750286,7.320149366,0,"N/1000000","0.0",124089
"https://github.com/fbranda/measles/blob/main/Italy/2020/bulletins/RM_News_2021_63.pdf",2020,"10",2,"Aosta Valley",45.73750286,7.320149366,0,"N/1000000","0.0",124089
"https://github.com/fbranda/measles/blob/main/Italy/2020/bulletins/RM_News_2021_63.pdf",2020,"11",2,"Aosta Valley",45.73750286,7.320149366,0,"N/1000000","0.0",124089
"https://github.com/fbranda/measles/blob/main/Italy/2020/bulletins/RM_News_2021_63.pdf",2020,"12",2,"Aosta Valley",45.73750286,7.320149366,0,"N/1000000","0.0",124089
"https://github.com/fbranda/measles/blob/main/Italy/2020/bulletins/RM_News_2021_63.pdf",2020,"Total",2,"Aosta Valley",45.73750286,7.320149366,0,"N/1000000","0.0",124089
"https://github.com/fbranda/measles/blob/main/Italy/2020/bulletins/RM_News_2021_63.pdf",2020,"1",21,"AP Bolzano",46.49933453,11.35662422,0,"N/1000000","0.0",534912
"https://github.com/fbranda/measles/blob/main/Italy/2020/bulletins/RM_News_2021_63.pdf",2020,"2",21,"AP Bolzano",46.49933453,11.35662422,0,"N/1000000","0.0",534912
"https://github.com/fbranda/measles/blob/main/Italy/2020/bulletins/RM_News_2021_63.pdf",2020,"3",21,"AP Bolzano",46.49933453,11.35662422,0,"N/1000000","0.0",534912
"https://github.com/fbranda/measles/blob/main/Italy/2020/bulletins/RM_News_2021_63.pdf",2020,"4",21,"AP Bolzano",46.49933453,11.35662422,0,"N/1000000","0.0",534912
"https://github.com/fbranda/measles/blob/main/Italy/2020/bulletins/RM_News_2021_63.pdf",2020,"5",21,"AP Bolzano",46.49933453,11.35662422,0,"N/1000000","0.0",534912
"https://github.com/fbranda/measles/blob/main/Italy/2020/bulletins/RM_News_2021_63.pdf",2020,"6",21,"AP Bolzano",46.49933453,11.35662422,0,"N/1000000","0.0",534912
"https://github.com/fbranda/measles/blob/main/Italy/2020/bulletins/RM_News_2021_63.pdf",2020,"8",21,"AP Bolzano",46.49933453,11.35662422,0,"N/1000000","0.0",534912
"https://github.com/fbranda/measles/blob/main/Italy/2020/bulletins/RM_News_2021_63.pdf",2020,"8",21,"AP Bolzano",46.49933453,11.35662422,0,"N/1000000","0.0",534912
"https://github.com/fbranda/measles/blob/main/Italy/2020/bulletins/RM_News_2021_63.pdf",2020,"9",21,"AP Bolzano",46.49933453,11.35662422,0,"N/1000000","0.0",534912
"https://github.com/fbranda/measles/blob/main/Italy/2020/bulletins/RM_News_2021_63.pdf",2020,"10",21,"AP Bolzano",46.49933453,11.35662422,0,"N/1000000","0.0",534912
"https://github.com/fbranda/measles/blob/main/Italy/2020/bulletins/RM_News_2021_63.pdf",2020,"11",21,"AP Bolzano",46.49933453,11.35662422,0,"N/1000000","0.0",534912
"https://github.com/fbranda/measles/blob/main/Italy/2020/bulletins/RM_News_2021_63.pdf",2020,"12",21,"AP Bolzano",46.49933453,11.35662422,0,"N/1000000","0.0",534912
"https://github.com/fbranda/measles/blob/main/Italy/2020/bulletins/RM_News_2021_63.pdf",2020,"Total",21,"AP Bolzano",46.49933453,11.35662422,0,"N/1000000","0.0",534912
"https://github.com/fbranda/measles/blob/main/Italy/2020/bulletins/RM_News_2021_63.pdf",2020,"1",22,"AP Trento",46.06893511,11.12123097,0,"N/1000000","0.0",542166
"https://github.com/fbranda/measles/blob/main/Italy/2020/bulletins/RM_News_2021_63.pdf",2020,"2",22,"AP Trento",46.06893511,11.12123097,0,"N/1000000","0.0",542166
"https://github.com/fbranda/measles/blob/main/Italy/2020/bulletins/RM_News_2021_63.pdf",2020,"3",22,"AP Trento",46.06893511,11.12123097,0,"N/1000000","0.0",542166
"https://github.com/fbranda/measles/blob/main/Italy/2020/bulletins/RM_News_2021_63.pdf",2020,"4",22,"AP Trento",46.06893511,11.12123097,0,"N/1000000","0.0",542166
"https://github.com/fbranda/measles/blob/main/Italy/2020/bulletins/RM_News_2021_63.pdf",2020,"5",22,"AP Trento",46.06893511,11.12123097,0,"N/1000000","0.0",542166
"https://github.com/fbranda/measles/blob/main/Italy/2020/bulletins/RM_News_2021_63.pdf",2020,"6",22,"AP Trento",46.06893511,11.12123097,0,"N/1000000","0.0",542166
"https://github.com/fbranda/measles/blob/main/Italy/2020/bulletins/RM_News_2021_63.pdf",2020,"8",22,"AP Trento",46.06893511,11.12123097,0,"N/1000000","0.0",542166
"https://github.com/fbranda/measles/blob/main/Italy/2020/bulletins/RM_News_2021_63.pdf",2020,"8",22,"AP Trento",46.06893511,11.12123097,0,"N/1000000","0.0",542166
"https://github.com/fbranda/measles/blob/main/Italy/2020/bulletins/RM_News_2021_63.pdf",2020,"9",22,"AP Trento",46.06893511,11.12123097,0,"N/1000000","0.0",542166
"https://github.com/fbranda/measles/blob/main/Italy/2020/bulletins/RM_News_2021_63.pdf",2020,"10",22,"AP Trento",46.06893511,11.12123097,0,"N/1000000","0.0",542166
"https://github.com/fbranda/measles/blob/main/Italy/2020/bulletins/RM_News_2021_63.pdf",2020,"11",22,"AP Trento",46.06893511,11.12123097,0,"N/1000000","0.0",542166
"https://github.com/fbranda/measles/blob/main/Italy/2020/bulletins/RM_News_2021_63.pdf",2020,"12",22,"AP Trento",46.06893511,11.12123097,0,"N/1000000","0.0",542166
"https://github.com/fbranda/measles/blob/main/Italy/2020/bulletins/RM_News_2021_63.pdf",2020,"Total",22,"AP Trento",46.06893511,11.12123097,0,"N/1000000","0.0",542166
"https://github.com/fbranda/measles/blob/main/Italy/2020/bulletins/RM_News_2021_63.pdf",2020,"1",16,"Apulia",41.12559576,16.86736689,30,"N/1000000","7.6",3933777
"https://github.com/fbranda/measles/blob/main/Italy/2020/bulletins/RM_News_2021_63.pdf",2020,"2",16,"Apulia",41.12559576,16.86736689,9,"N/1000000","2.3",3933777
"https://github.com/fbranda/measles/blob/main/Italy/2020/bulletins/RM_News_2021_63.pdf",2020,"3",16,"Apulia",41.12559576,16.86736689,4,"N/1000000","1.0",3933777
"https://github.com/fbranda/measles/blob/main/Italy/2020/bulletins/RM_News_2021_63.pdf",2020,"4",16,"Apulia",41.12559576,16.86736689,0,"N/1000000","0.0",3933777
"https://github.com/fbranda/measles/blob/main/Italy/2020/bulletins/RM_News_2021_63.pdf",2020,"5",16,"Apulia",41.12559576,16.86736689,0,"N/1000000","0.0",3933777
"https://github.com/fbranda/measles/blob/main/Italy/2020/bulletins/RM_News_2021_63.pdf",2020,"6",16,"Apulia",41.12559576,16.86736689,0,"N/1000000","0.0",3933777
"https://github.com/fbranda/measles/blob/main/Italy/2020/bulletins/RM_News_2021_63.pdf",2020,"8",16,"Apulia",41.12559576,16.86736689,0,"N/1000000","0.0",3933777
"https://github.com/fbranda/measles/blob/main/Italy/2020/bulletins/RM_News_2021_63.pdf",2020,"8",16,"Apulia",41.12559576,16.86736689,0,"N/1000000","0.0",3933777
"https://github.com/fbranda/measles/blob/main/Italy/2020/bulletins/RM_News_2021_63.pdf",2020,"9",16,"Apulia",41.12559576,16.86736689,0,"N/1000000","0.0",3933777
"https://github.com/fbranda/measles/blob/main/Italy/2020/bulletins/RM_News_2021_63.pdf",2020,"10",16,"Apulia",41.12559576,16.86736689,0,"N/1000000","0.0",3933777
"https://github.com/fbranda/measles/blob/main/Italy/2020/bulletins/RM_News_2021_63.pdf",2020,"11",16,"Apulia",41.12559576,16.86736689,0,"N/1000000","0.0",3933777
"https://github.com/fbranda/measles/blob/main/Italy/2020/bulletins/RM_News_2021_63.pdf",2020,"12",16,"Apulia",41.12559576,16.86736689,0,"N/1000000","0.0",3933777
"https://github.com/fbranda/measles/blob/main/Italy/2020/bulletins/RM_News_2021_63.pdf",2020,"Total",16,"Apulia",41.12559576,16.86736689,43,"N/1000000","10.9",3933777
"https://github.com/fbranda/measles/blob/main/Italy/2020/bulletins/RM_News_2021_63.pdf",2020,"1",17,"Basilicata",40.63947052,15.80514834,0,"N/1000000","0.0",545130
"https://github.com/fbranda/measles/blob/main/Italy/2020/bulletins/RM_News_2021_63.pdf",2020,"2",17,"Basilicata",40.63947052,15.80514834,0,"N/1000000","0.0",545130
"https://github.com/fbranda/measles/blob/main/Italy/2020/bulletins/RM_News_2021_63.pdf",2020,"3",17,"Basilicata",40.63947052,15.80514834,0,"N/1000000","0.0",545130
"https://github.com/fbranda/measles/blob/main/Italy/2020/bulletins/RM_News_2021_63.pdf",2020,"4",17,"Basilicata",40.63947052,15.80514834,0,"N/1000000","0.0",545130
"https://github.com/fbranda/measles/blob/main/Italy/2020/bulletins/RM_News_2021_63.pdf",2020,"5",17,"Basilicata",40.63947052,15.80514834,0,"N/1000000","0.0",545130
"https://github.com/fbranda/measles/blob/main/Italy/2020/bulletins/RM_News_2021_63.pdf",2020,"6",17,"Basilicata",40.63947052,15.80514834,0,"N/1000000","0.0",545130
"https://github.com/fbranda/measles/blob/main/Italy/2020/bulletins/RM_News_2021_63.pdf",2020,"8",17,"Basilicata",40.63947052,15.80514834,0,"N/1000000","0.0",545130
"https://github.com/fbranda/measles/blob/main/Italy/2020/bulletins/RM_News_2021_63.pdf",2020,"8",17,"Basilicata",40.63947052,15.80514834,0,"N/1000000","0.0",545130
"https://github.com/fbranda/measles/blob/main/Italy/2020/bulletins/RM_News_2021_63.pdf",2020,"9",17,"Basilicata",40.63947052,15.80514834,0,"N/1000000","0.0",545130
"https://github.com/fbranda/measles/blob/main/Italy/2020/bulletins/RM_News_2021_63.pdf",2020,"10",17,"Basilicata",40.63947052,15.80514834,0,"N/1000000","0.0",545130
"https://github.com/fbranda/measles/blob/main/Italy/2020/bulletins/RM_News_2021_63.pdf",2020,"11",17,"Basilicata",40.63947052,15.80514834,0,"N/1000000","0.0",545130
"https://github.com/fbranda/measles/blob/main/Italy/2020/bulletins/RM_News_2021_63.pdf",2020,"12",17,"Basilicata",40.63947052,15.80514834,0,"N/1000000","0.0",545130
"https://github.com/fbranda/measles/blob/main/Italy/2020/bulletins/RM_News_2021_63.pdf",2020,"Total",17,"Basilicata",40.63947052,15.80514834,0,"N/1000000","0.0",545130
"https://github.com/fbranda/measles/blob/main/Italy/2020/bulletins/RM_News_2021_63.pdf",2020,"1",18,"Calabria",38.90597598,16.59440194,0,"N/1000000","0.0",1860601
"https://github.com/fbranda/measles/blob/main/Italy/2020/bulletins/RM_News_2021_63.pdf",2020,"2",18,"Calabria",38.90597598,16.59440194,0,"N/1000000","0.0",1860601
"https://github.com/fbranda/measles/blob/main/Italy/2020/bulletins/RM_News_2021_63.pdf",2020,"3",18,"Calabria",38.90597598,16.59440194,0,"N/1000000","0.0",1860601
"https://github.com/fbranda/measles/blob/main/Italy/2020/bulletins/RM_News_2021_63.pdf",2020,"4",18,"Calabria",38.90597598,16.59440194,0,"N/1000000","0.0",1860601
"https://github.com/fbranda/measles/blob/main/Italy/2020/bulletins/RM_News_2021_63.pdf",2020,"5",18,"Calabria",38.90597598,16.59440194,0,"N/1000000","0.0",1860601
"https://github.com/fbranda/measles/blob/main/Italy/2020/bulletins/RM_News_2021_63.pdf",2020,"6",18,"Calabria",38.90597598,16.59440194,0,"N/1000000","0.0",1860601
"https://github.com/fbranda/measles/blob/main/Italy/2020/bulletins/RM_News_2021_63.pdf",2020,"8",18,"Calabria",38.90597598,16.59440194,0,"N/1000000","0.0",1860601
"https://github.com/fbranda/measles/blob/main/Italy/2020/bulletins/RM_News_2021_63.pdf",2020,"8",18,"Calabria",38.90597598,16.59440194,0,"N/1000000","0.0",1860601
"https://github.com/fbranda/measles/blob/main/Italy/2020/bulletins/RM_News_2021_63.pdf",2020,"9",18,"Calabria",38.90597598,16.59440194,0,"N/1000000","0.0",1860601
"https://github.com/fbranda/measles/blob/main/Italy/2020/bulletins/RM_News_2021_63.pdf",2020,"10",18,"Calabria",38.90597598,16.59440194,0,"N/1000000","0.0",1860601
"https://github.com/fbranda/measles/blob/main/Italy/2020/bulletins/RM_News_2021_63.pdf",2020,"11",18,"Calabria",38.90597598,16.59440194,0,"N/1000000","0.0",1860601
"https://github.com/fbranda/measles/blob/main/Italy/2020/bulletins/RM_News_2021_63.pdf",2020,"12",18,"Calabria",38.90597598,16.59440194,0,"N/1000000","0.0",1860601
"https://github.com/fbranda/measles/blob/main/Italy/2020/bulletins/RM_News_2021_63.pdf",2020,"Total",18,"Calabria",38.90597598,16.59440194,0,"N/1000000","0.0",1860601
"https://github.com/fbranda/measles/blob/main/Italy/2020/bulletins/RM_News_2021_63.pdf",2020,"1",15,"Campania",40.83956555,14.25084984,0,"N/1000000","0.0",5624260
"https://github.com/fbranda/measles/blob/main/Italy/2020/bulletins/RM_News_2021_63.pdf",2020,"2",15,"Campania",40.83956555,14.25084984,0,"N/1000000","0.0",5624260
"https://github.com/fbranda/measles/blob/main/Italy/2020/bulletins/RM_News_2021_63.pdf",2020,"3",15,"Campania",40.83956555,14.25084984,0,"N/1000000","0.0",5624260
"https://github.com/fbranda/measles/blob/main/Italy/2020/bulletins/RM_News_2021_63.pdf",2020,"4",15,"Campania",40.83956555,14.25084984,0,"N/1000000","0.0",5624260
"https://github.com/fbranda/measles/blob/main/Italy/2020/bulletins/RM_News_2021_63.pdf",2020,"5",15,"Campania",40.83956555,14.25084984,0,"N/1000000","0.0",5624260
"https://github.com/fbranda/measles/blob/main/Italy/2020/bulletins/RM_News_2021_63.pdf",2020,"6",15,"Campania",40.83956555,14.25084984,0,"N/1000000","0.0",5624260
"https://github.com/fbranda/measles/blob/main/Italy/2020/bulletins/RM_News_2021_63.pdf",2020,"8",15,"Campania",40.83956555,14.25084984,0,"N/1000000","0.0",5624260
"https://github.com/fbranda/measles/blob/main/Italy/2020/bulletins/RM_News_2021_63.pdf",2020,"8",15,"Campania",40.83956555,14.25084984,0,"N/1000000","0.0",5624260
"https://github.com/fbranda/measles/blob/main/Italy/2020/bulletins/RM_News_2021_63.pdf",2020,"9",15,"Campania",40.83956555,14.25084984,0,"N/1000000","0.0",5624260
"https://github.com/fbranda/measles/blob/main/Italy/2020/bulletins/RM_News_2021_63.pdf",2020,"10",15,"Campania",40.83956555,14.25084984,0,"N/1000000","0.0",5624260
"https://github.com/fbranda/measles/blob/main/Italy/2020/bulletins/RM_News_2021_63.pdf",2020,"11",15,"Campania",40.83956555,14.25084984,0,"N/1000000","0.0",5624260
"https://github.com/fbranda/measles/blob/main/Italy/2020/bulletins/RM_News_2021_63.pdf",2020,"12",15,"Campania",40.83956555,14.25084984,0,"N/1000000","0.0",5624260
"https://github.com/fbranda/measles/blob/main/Italy/2020/bulletins/RM_News_2021_63.pdf",2020,"Total",15,"Campania",40.83956555,14.25084984,0,"N/1000000","0.0",5624260
"https://github.com/fbranda/measles/blob/main/Italy/2020/bulletins/RM_News_2021_63.pdf",2020,"1",8,"Emilia-Romagna",44.49436681,11.3417208,5,"N/1000000","1.1",4438937
"https://github.com/fbranda/measles/blob/main/Italy/2020/bulletins/RM_News_2021_63.pdf",2020,"2",8,"Emilia-Romagna",44.49436681,11.3417208,10,"N/1000000","2.3",4438937
"https://github.com/fbranda/measles/blob/main/Italy/2020/bulletins/RM_News_2021_63.pdf",2020,"3",8,"Emilia-Romagna",44.49436681,11.3417208,1,"N/1000000","0.2",4438937
"https://github.com/fbranda/measles/blob/main/Italy/2020/bulletins/RM_News_2021_63.pdf",2020,"4",8,"Emilia-Romagna",44.49436681,11.3417208,0,"N/1000000","0.0",4438937
"https://github.com/fbranda/measles/blob/main/Italy/2020/bulletins/RM_News_2021_63.pdf",2020,"5",8,"Emilia-Romagna",44.49436681,11.3417208,0,"N/1000000","0.0",4438937
"https://github.com/fbranda/measles/blob/main/Italy/2020/bulletins/RM_News_2021_63.pdf",2020,"6",8,"Emilia-Romagna",44.49436681,11.3417208,0,"N/1000000","0.0",4438937
"https://github.com/fbranda/measles/blob/main/Italy/2020/bulletins/RM_News_2021_63.pdf",2020,"8",8,"Emilia-Romagna",44.49436681,11.3417208,0,"N/1000000","0.0",4438937
"https://github.com/fbranda/measles/blob/main/Italy/2020/bulletins/RM_News_2021_63.pdf",2020,"8",8,"Emilia-Romagna",44.49436681,11.3417208,0,"N/1000000","0.0",4438937
"https://github.com/fbranda/measles/blob/main/Italy/2020/bulletins/RM_News_2021_63.pdf",2020,"9",8,"Emilia-Romagna",44.49436681,11.3417208,0,"N/1000000","0.0",4438937
"https://github.com/fbranda/measles/blob/main/Italy/2020/bulletins/RM_News_2021_63.pdf",2020,"10",8,"Emilia-Romagna",44.49436681,11.3417208,0,"N/1000000","0.0",4438937
"https://github.com/fbranda/measles/blob/main/Italy/2020/bulletins/RM_News_2021_63.pdf",2020,"11",8,"Emilia-Romagna",44.49436681,11.3417208,0,"N/1000000","0.0",4438937
"https://github.com/fbranda/measles/blob/main/Italy/2020/bulletins/RM_News_2021_63.pdf",2020,"12",8,"Emilia-Romagna",44.49436681,11.3417208,0,"N/1000000","0.0",4438937
"https://github.com/fbranda/measles/blob/main/Italy/2020/bulletins/RM_News_2021_63.pdf",2020,"Total",8,"Emilia-Romagna",44.49436681,11.3417208,16,"N/1000000","3.6",4438937
"https://github.com/fbranda/measles/blob/main/Italy/2020/bulletins/RM_News_2021_63.pdf",2020,"1",6,"Friuli-Venezia Giulia",45.6494354,13.76813649,0,"N/1000000","0.0",1201510
"https://github.com/fbranda/measles/blob/main/Italy/2020/bulletins/RM_News_2021_63.pdf",2020,"2",6,"Friuli-Venezia Giulia",45.6494354,13.76813649,1,"N/1000000","0.8",1201510
"https://github.com/fbranda/measles/blob/main/Italy/2020/bulletins/RM_News_2021_63.pdf",2020,"3",6,"Friuli-Venezia Giulia",45.6494354,13.76813649,0,"N/1000000","0.0",1201510
"https://github.com/fbranda/measles/blob/main/Italy/2020/bulletins/RM_News_2021_63.pdf",2020,"4",6,"Friuli-Venezia Giulia",45.6494354,13.76813649,0,"N/1000000","0.0",1201510
"https://github.com/fbranda/measles/blob/main/Italy/2020/bulletins/RM_News_2021_63.pdf",2020,"5",6,"Friuli-Venezia Giulia",45.6494354,13.76813649,0,"N/1000000","0.0",1201510
"https://github.com/fbranda/measles/blob/main/Italy/2020/bulletins/RM_News_2021_63.pdf",2020,"6",6,"Friuli-Venezia Giulia",45.6494354,13.76813649,0,"N/1000000","0.0",1201510
"https://github.com/fbranda/measles/blob/main/Italy/2020/bulletins/RM_News_2021_63.pdf",2020,"8",6,"Friuli-Venezia Giulia",45.6494354,13.76813649,0,"N/1000000","0.0",1201510
"https://github.com/fbranda/measles/blob/main/Italy/2020/bulletins/RM_News_2021_63.pdf",2020,"8",6,"Friuli-Venezia Giulia",45.6494354,13.76813649,0,"N/1000000","0.0",1201510
"https://github.com/fbranda/measles/blob/main/Italy/2020/bulletins/RM_News_2021_63.pdf",2020,"9",6,"Friuli-Venezia Giulia",45.6494354,13.76813649,0,"N/1000000","0.0",1201510
"https://github.com/fbranda/measles/blob/main/Italy/2020/bulletins/RM_News_2021_63.pdf",2020,"10",6,"Friuli-Venezia Giulia",45.6494354,13.76813649,0,"N/1000000","0.0",1201510
"https://github.com/fbranda/measles/blob/main/Italy/2020/bulletins/RM_News_2021_63.pdf",2020,"11",6,"Friuli-Venezia Giulia",45.6494354,13.76813649,0,"N/1000000","0.0",1201510
"https://github.com/fbranda/measles/blob/main/Italy/2020/bulletins/RM_News_2021_63.pdf",2020,"12",6,"Friuli-Venezia Giulia",45.6494354,13.76813649,0,"N/1000000","0.0",1201510
"https://github.com/fbranda/measles/blob/main/Italy/2020/bulletins/RM_News_2021_63.pdf",2020,"Total",6,"Friuli-Venezia Giulia",45.6494354,13.76813649,1,"N/1000000","0.8",1201510
"https://github.com/fbranda/measles/blob/main/Italy/2020/bulletins/RM_News_2021_63.pdf",2020,"1",12,"Lazio",42,12,8,"N/1000000","1.4",5730399
"https://github.com/fbranda/measles/blob/main/Italy/2020/bulletins/RM_News_2021_63.pdf",2020,"2",12,"Lazio",42,12,8,"N/1000000","1.4",5730399
"https://github.com/fbranda/measles/blob/main/Italy/2020/bulletins/RM_News_2021_63.pdf",2020,"3",12,"Lazio",42,12,0,"N/1000000","0.0",5730399
"https://github.com/fbranda/measles/blob/main/Italy/2020/bulletins/RM_News_2021_63.pdf",2020,"4",12,"Lazio",42,12,0,"N/1000000","0.0",5730399
"https://github.com/fbranda/measles/blob/main/Italy/2020/bulletins/RM_News_2021_63.pdf",2020,"5",12,"Lazio",42,12,0,"N/1000000","0.0",5730399
"https://github.com/fbranda/measles/blob/main/Italy/2020/bulletins/RM_News_2021_63.pdf",2020,"6",12,"Lazio",42,12,0,"N/1000000","0.0",5730399
"https://github.com/fbranda/measles/blob/main/Italy/2020/bulletins/RM_News_2021_63.pdf",2020,"8",12,"Lazio",42,12,0,"N/1000000","0.0",5730399
"https://github.com/fbranda/measles/blob/main/Italy/2020/bulletins/RM_News_2021_63.pdf",2020,"8",12,"Lazio",41.89277044,12.48366722,0,"N/1000000","0.0",5730399
"https://github.com/fbranda/measles/blob/main/Italy/2020/bulletins/RM_News_2021_63.pdf",2020,"9",12,"Lazio",41.89277044,12.48366722,0,"N/1000000","0.0",5730399
"https://github.com/fbranda/measles/blob/main/Italy/2020/bulletins/RM_News_2021_63.pdf",2020,"10",12,"Lazio",41.89277044,12.48366722,0,"N/1000000","0.0",5730399
"https://github.com/fbranda/measles/blob/main/Italy/2020/bulletins/RM_News_2021_63.pdf",2020,"11",12,"Lazio",41.89277044,12.48366722,0,"N/1000000","0.0",5730399
"https://github.com/fbranda/measles/blob/main/Italy/2020/bulletins/RM_News_2021_63.pdf",2020,"12",12,"Lazio",41.89277044,12.48366722,0,"N/1000000","0.0",5730399
"https://github.com/fbranda/measles/blob/main/Italy/2020/bulletins/RM_News_2021_63.pdf",2020,"Total",12,"Lazio",41.89277044,12.48366722,16,"N/1000000","2.8",5730399
"https://github.com/fbranda/measles/blob/main/Italy/2020/bulletins/RM_News_2021_63.pdf",2020,"1",7,"Liguria",44.41149315,8.9326992,1,"N/1000000","0.7",1518495
"https://github.com/fbranda/measles/blob/main/Italy/2020/bulletins/RM_News_2021_63.pdf",2020,"2",7,"Liguria",44.41149315,8.9326992,0,"N/1000000","0.0",1518495
"https://github.com/fbranda/measles/blob/main/Italy/2020/bulletins/RM_News_2021_63.pdf",2020,"3",7,"Liguria",44.41149315,8.9326992,0,"N/1000000","0.0",1518495
"https://github.com/fbranda/measles/blob/main/Italy/2020/bulletins/RM_News_2021_63.pdf",2020,"4",7,"Liguria",44.41149315,8.9326992,0,"N/1000000","0.0",1518495
"https://github.com/fbranda/measles/blob/main/Italy/2020/bulletins/RM_News_2021_63.pdf",2020,"5",7,"Liguria",44.41149315,8.9326992,0,"N/1000000","0.0",1518495
"https://github.com/fbranda/measles/blob/main/Italy/2020/bulletins/RM_News_2021_63.pdf",2020,"6",7,"Liguria",44.41149315,8.9326992,0,"N/1000000","0.0",1518495
"https://github.com/fbranda/measles/blob/main/Italy/2020/bulletins/RM_News_2021_63.pdf",2020,"8",7,"Liguria",44.41149315,8.9326992,0,"N/1000000","0.0",1518495
"https://github.com/fbranda/measles/blob/main/Italy/2020/bulletins/RM_News_2021_63.pdf",2020,"8",7,"Liguria",44.41149315,8.9326992,0,"N/1000000","0.0",1518495
"https://github.com/fbranda/measles/blob/main/Italy/2020/bulletins/RM_News_2021_63.pdf",2020,"9",7,"Liguria",44.41149315,8.9326992,0,"N/1000000","0.0",1518495
"https://github.com/fbranda/measles/blob/main/Italy/2020/bulletins/RM_News_2021_63.pdf",2020,"10",7,"Liguria",44.41149315,8.9326992,0,"N/1000000","0.0",1518495
"https://github.com/fbranda/measles/blob/main/Italy/2020/bulletins/RM_News_2021_63.pdf",2020,"11",7,"Liguria",44.41149315,8.9326992,0,"N/1000000","0.0",1518495
"https://github.com/fbranda/measles/blob/main/Italy/2020/bulletins/RM_News_2021_63.pdf",2020,"12",7,"Liguria",44.41149315,8.9326992,0,"N/1000000","0.0",1518495
"https://github.com/fbranda/measles/blob/main/Italy/2020/bulletins/RM_News_2021_63.pdf",2020,"Total",7,"Liguria",44.41149315,8.9326992,1,"N/1000000","0.7",1518495
"https://github.com/fbranda/measles/blob/main/Italy/2020/bulletins/RM_News_2021_63.pdf",2020,"1",3,"Lombardy",45.46679409,9.190347404,0,"N/1000000","0.0",9981554
"https://github.com/fbranda/measles/blob/main/Italy/2020/bulletins/RM_News_2021_63.pdf",2020,"2",3,"Lombardy",45.46679409,9.190347404,6,"N/1000000","0.6",9981554
"https://github.com/fbranda/measles/blob/main/Italy/2020/bulletins/RM_News_2021_63.pdf",2020,"3",3,"Lombardy",45.46679409,9.190347404,1,"N/1000000","0.1",9981554
"https://github.com/fbranda/measles/blob/main/Italy/2020/bulletins/RM_News_2021_63.pdf",2020,"4",3,"Lombardy",45.46679409,9.190347404,0,"N/1000000","0.0",9981554
"https://github.com/fbranda/measles/blob/main/Italy/2020/bulletins/RM_News_2021_63.pdf",2020,"5",3,"Lombardy",45.46679409,9.190347404,0,"N/1000000","0.0",9981554
"https://github.com/fbranda/measles/blob/main/Italy/2020/bulletins/RM_News_2021_63.pdf",2020,"6",3,"Lombardy",45.46679409,9.190347404,0,"N/1000000","0.0",9981554
"https://github.com/fbranda/measles/blob/main/Italy/2020/bulletins/RM_News_2021_63.pdf",2020,"8",3,"Lombardy",45.46679409,9.190347404,0,"N/1000000","0.0",9981554
"https://github.com/fbranda/measles/blob/main/Italy/2020/bulletins/RM_News_2021_63.pdf",2020,"8",3,"Lombardy",45.46679409,9.190347404,0,"N/1000000","0.0",9981554
"https://github.com/fbranda/measles/blob/main/Italy/2020/bulletins/RM_News_2021_63.pdf",2020,"9",3,"Lombardy",45.46679409,9.190347404,0,"N/1000000","0.0",9981554
"https://github.com/fbranda/measles/blob/main/Italy/2020/bulletins/RM_News_2021_63.pdf",2020,"10",3,"Lombardy",45.46679409,9.190347404,0,"N/1000000","0.0",9981554
"https://github.com/fbranda/measles/blob/main/Italy/2020/bulletins/RM_News_2021_63.pdf",2020,"11",3,"Lombardy",45.46679409,9.190347404,0,"N/1000000","0.0",9981554
"https://github.com/fbranda/measles/blob/main/Italy/2020/bulletins/RM_News_2021_63.pdf",2020,"12",3,"Lombardy",45.46679409,9.190347404,0,"N/1000000","0.0",9981554
"https://github.com/fbranda/measles/blob/main/Italy/2020/bulletins/RM_News_2021_63.pdf",2020,"Total",3,"Lombardy",45.46679409,9.190347404,7,"N/1000000","0.7",9981554
"https://github.com/fbranda/measles/blob/main/Italy/2020/bulletins/RM_News_2021_63.pdf",2020,"1",11,"Marche",43.61675973,13.5188753,1,"N/1000000","0.7",1498236
"https://github.com/fbranda/measles/blob/main/Italy/2020/bulletins/RM_News_2021_63.pdf",2020,"2",11,"Marche",43.61675973,13.5188753,0,"N/1000000","0.0",1498236
"https://github.com/fbranda/measles/blob/main/Italy/2020/bulletins/RM_News_2021_63.pdf",2020,"3",11,"Marche",43.61675973,13.5188753,1,"N/1000000","0.7",1498236
"https://github.com/fbranda/measles/blob/main/Italy/2020/bulletins/RM_News_2021_63.pdf",2020,"4",11,"Marche",43.61675973,13.5188753,0,"N/1000000","0.0",1498236
"https://github.com/fbranda/measles/blob/main/Italy/2020/bulletins/RM_News_2021_63.pdf",2020,"5",11,"Marche",43.61675973,13.5188753,0,"N/1000000","0.0",1498236
"https://github.com/fbranda/measles/blob/main/Italy/2020/bulletins/RM_News_2021_63.pdf",2020,"6",11,"Marche",43.61675973,13.5188753,0,"N/1000000","0.0",1498236
"https://github.com/fbranda/measles/blob/main/Italy/2020/bulletins/RM_News_2021_63.pdf",2020,"8",11,"Marche",43.61675973,13.5188753,0,"N/1000000","0.0",1498236
"https://github.com/fbranda/measles/blob/main/Italy/2020/bulletins/RM_News_2021_63.pdf",2020,"8",11,"Marche",43.61675973,13.5188753,0,"N/1000000","0.0",1498236
"https://github.com/fbranda/measles/blob/main/Italy/2020/bulletins/RM_News_2021_63.pdf",2020,"9",11,"Marche",43.61675973,13.5188753,0,"N/1000000","0.0",1498236
"https://github.com/fbranda/measles/blob/main/Italy/2020/bulletins/RM_News_2021_63.pdf",2020,"10",11,"Marche",43.61675973,13.5188753,0,"N/1000000","0.0",1498236
"https://github.com/fbranda/measles/blob/main/Italy/2020/bulletins/RM_News_2021_63.pdf",2020,"11",11,"Marche",43.61675973,13.5188753,0,"N/1000000","0.0",1498236
"https://github.com/fbranda/measles/blob/main/Italy/2020/bulletins/RM_News_2021_63.pdf",2020,"12",11,"Marche",43.61675973,13.5188753,0,"N/1000000","0.0",1498236
"https://github.com/fbranda/measles/blob/main/Italy/2020/bulletins/RM_News_2021_63.pdf",2020,"Total",11,"Marche",43.61675973,13.5188753,2,"N/1000000","1.3",1498236
"https://github.com/fbranda/measles/blob/main/Italy/2020/bulletins/RM_News_2021_63.pdf",2020,"1",14,"Molise",41.55774754,14.65916051,1,"N/1000000","3.4",294294
"https://github.com/fbranda/measles/blob/main/Italy/2020/bulletins/RM_News_2021_63.pdf",2020,"2",14,"Molise",41.55774754,14.65916051,0,"N/1000000","0.0",294294
"https://github.com/fbranda/measles/blob/main/Italy/2020/bulletins/RM_News_2021_63.pdf",2020,"3",14,"Molise",41.55774754,14.65916051,0,"N/1000000","0.0",294294
"https://github.com/fbranda/measles/blob/main/Italy/2020/bulletins/RM_News_2021_63.pdf",2020,"4",14,"Molise",41.55774754,14.65916051,0,"N/1000000","0.0",294294
"https://github.com/fbranda/measles/blob/main/Italy/2020/bulletins/RM_News_2021_63.pdf",2020,"5",14,"Molise",41.55774754,14.65916051,0,"N/1000000","0.0",294294
"https://github.com/fbranda/measles/blob/main/Italy/2020/bulletins/RM_News_2021_63.pdf",2020,"6",14,"Molise",41.55774754,14.65916051,0,"N/1000000","0.0",294294
"https://github.com/fbranda/measles/blob/main/Italy/2020/bulletins/RM_News_2021_63.pdf",2020,"8",14,"Molise",41.55774754,14.65916051,0,"N/1000000","0.0",294294
"https://github.com/fbranda/measles/blob/main/Italy/2020/bulletins/RM_News_2021_63.pdf",2020,"8",14,"Molise",41.55774754,14.65916051,0,"N/1000000","0.0",294294
"https://github.com/fbranda/measles/blob/main/Italy/2020/bulletins/RM_News_2021_63.pdf",2020,"9",14,"Molise",41.55774754,14.65916051,0,"N/1000000","0.0",294294
"https://github.com/fbranda/measles/blob/main/Italy/2020/bulletins/RM_News_2021_63.pdf",2020,"10",14,"Molise",41.55774754,14.65916051,0,"N/1000000","0.0",294294
"https://github.com/fbranda/measles/blob/main/Italy/2020/bulletins/RM_News_2021_63.pdf",2020,"11",14,"Molise",41.55774754,14.65916051,0,"N/1000000","0.0",294294
"https://github.com/fbranda/measles/blob/main/Italy/2020/bulletins/RM_News_2021_63.pdf",2020,"12",14,"Molise",41.55774754,14.65916051,0,"N/1000000","0.0",294294
"https://github.com/fbranda/measles/blob/main/Italy/2020/bulletins/RM_News_2021_63.pdf",2020,"Total",14,"Molise",41.55774754,14.65916051,1,"N/1000000","3.4",294294
"https://github.com/fbranda/measles/blob/main/Italy/2020/bulletins/RM_News_2021_63.pdf",2020,"1",1,"Piedmont",45.0732745,7.680687483,1,"N/1000000","0.2",4274945
"https://github.com/fbranda/measles/blob/main/Italy/2020/bulletins/RM_News_2021_63.pdf",2020,"2",1,"Piedmont",45.0732745,7.680687483,0,"N/1000000","0.0",4274945
"https://github.com/fbranda/measles/blob/main/Italy/2020/bulletins/RM_News_2021_63.pdf",2020,"3",1,"Piedmont",45.0732745,7.680687483,0,"N/1000000","0.0",4274945
"https://github.com/fbranda/measles/blob/main/Italy/2020/bulletins/RM_News_2021_63.pdf",2020,"4",1,"Piedmont",45.0732745,7.680687483,0,"N/1000000","0.0",4274945
"https://github.com/fbranda/measles/blob/main/Italy/2020/bulletins/RM_News_2021_63.pdf",2020,"5",1,"Piedmont",45.0732745,7.680687483,0,"N/1000000","0.0",4274945
"https://github.com/fbranda/measles/blob/main/Italy/2020/bulletins/RM_News_2021_63.pdf",2020,"6",1,"Piedmont",45.0732745,7.680687483,0,"N/1000000","0.0",4274945
"https://github.com/fbranda/measles/blob/main/Italy/2020/bulletins/RM_News_2021_63.pdf",2020,"8",1,"Piedmont",45.0732745,7.680687483,0,"N/1000000","0.0",4274945
"https://github.com/fbranda/measles/blob/main/Italy/2020/bulletins/RM_News_2021_63.pdf",2020,"8",1,"Piedmont",45.0732745,7.680687483,0,"N/1000000","0.0",4274945
"https://github.com/fbranda/measles/blob/main/Italy/2020/bulletins/RM_News_2021_63.pdf",2020,"9",1,"Piedmont",45.0732745,7.680687483,0,"N/1000000","0.0",4274945
"https://github.com/fbranda/measles/blob/main/Italy/2020/bulletins/RM_News_2021_63.pdf",2020,"10",1,"Piedmont",45.0732745,7.680687483,0,"N/1000000","0.0",4274945
"https://github.com/fbranda/measles/blob/main/Italy/2020/bulletins/RM_News_2021_63.pdf",2020,"11",1,"Piedmont",45.0732745,7.680687483,0,"N/1000000","0.0",4274945
"https://github.com/fbranda/measles/blob/main/Italy/2020/bulletins/RM_News_2021_63.pdf",2020,"12",1,"Piedmont",45.0732745,7.680687483,0,"N/1000000","0.0",4274945
"https://github.com/fbranda/measles/blob/main/Italy/2020/bulletins/RM_News_2021_63.pdf",2020,"Total",1,"Piedmont",45.0732745,7.680687483,1,"N/1000000","0.2",4274945
"https://github.com/fbranda/measles/blob/main/Italy/2020/bulletins/RM_News_2021_63.pdf",2020,"1",20,"Sardinia",39.21531192,9.110616306,0,"N/1000000","0.0",1590044
"https://github.com/fbranda/measles/blob/main/Italy/2020/bulletins/RM_News_2021_63.pdf",2020,"2",20,"Sardinia",39.21531192,9.110616306,0,"N/1000000","0.0",1590044
"https://github.com/fbranda/measles/blob/main/Italy/2020/bulletins/RM_News_2021_63.pdf",2020,"3",20,"Sardinia",39.21531192,9.110616306,0,"N/1000000","0.0",1590044
"https://github.com/fbranda/measles/blob/main/Italy/2020/bulletins/RM_News_2021_63.pdf",2020,"4",20,"Sardinia",39.21531192,9.110616306,0,"N/1000000","0.0",1590044
"https://github.com/fbranda/measles/blob/main/Italy/2020/bulletins/RM_News_2021_63.pdf",2020,"5",20,"Sardinia",39.21531192,9.110616306,0,"N/1000000","0.0",1590044
"https://github.com/fbranda/measles/blob/main/Italy/2020/bulletins/RM_News_2021_63.pdf",2020,"6",20,"Sardinia",39.21531192,9.110616306,0,"N/1000000","0.0",1590044
"https://github.com/fbranda/measles/blob/main/Italy/2020/bulletins/RM_News_2021_63.pdf",2020,"8",20,"Sardinia",39.21531192,9.110616306,0,"N/1000000","0.0",1590044
"https://github.com/fbranda/measles/blob/main/Italy/2020/bulletins/RM_News_2021_63.pdf",2020,"8",20,"Sardinia",39.21531192,9.110616306,0,"N/1000000","0.0",1590044
"https://github.com/fbranda/measles/blob/main/Italy/2020/bulletins/RM_News_2021_63.pdf",2020,"9",20,"Sardinia",39.21531192,9.110616306,0,"N/1000000","0.0",1590044
"https://github.com/fbranda/measles/blob/main/Italy/2020/bulletins/RM_News_2021_63.pdf",2020,"10",20,"Sardinia",39.21531192,9.110616306,0,"N/1000000","0.0",1590044
"https://github.com/fbranda/measles/blob/main/Italy/2020/bulletins/RM_News_2021_63.pdf",2020,"11",20,"Sardinia",39.21531192,9.110616306,0,"N/1000000","0.0",1590044
"https://github.com/fbranda/measles/blob/main/Italy/2020/bulletins/RM_News_2021_63.pdf",2020,"12",20,"Sardinia",39.21531192,9.110616306,0,"N/1000000","0.0",1590044
"https://github.com/fbranda/measles/blob/main/Italy/2020/bulletins/RM_News_2021_63.pdf",2020,"Total",20,"Sardinia",39.21531192,9.110616306,0,"N/1000000","0.0",1590044
"https://github.com/fbranda/measles/blob/main/Italy/2020/bulletins/RM_News_2021_63.pdf",2020,"1",19,"Sicily",38.11569725,13.3623566999999,1,"N/1000000","0.2",4833705
"https://github.com/fbranda/measles/blob/main/Italy/2020/bulletins/RM_News_2021_63.pdf",2020,"2",19,"Sicily",38.11569725,13.3623566999999,0,"N/1000000","0.0",4833705
"https://github.com/fbranda/measles/blob/main/Italy/2020/bulletins/RM_News_2021_63.pdf",2020,"3",19,"Sicily",38.11569725,13.3623566999999,0,"N/1000000","0.0",4833705
"https://github.com/fbranda/measles/blob/main/Italy/2020/bulletins/RM_News_2021_63.pdf",2020,"4",19,"Sicily",38.11569725,13.3623566999999,0,"N/1000000","0.0",4833705
"https://github.com/fbranda/measles/blob/main/Italy/2020/bulletins/RM_News_2021_63.pdf",2020,"5",19,"Sicily",38.11569725,13.3623566999999,0,"N/1000000","0.0",4833705
"https://github.com/fbranda/measles/blob/main/Italy/2020/bulletins/RM_News_2021_63.pdf",2020,"6",19,"Sicily",38.11569725,13.3623566999999,0,"N/1000000","0.0",4833705
"https://github.com/fbranda/measles/blob/main/Italy/2020/bulletins/RM_News_2021_63.pdf",2020,"8",19,"Sicily",38.11569725,13.3623566999999,0,"N/1000000","0.0",4833705
"https://github.com/fbranda/measles/blob/main/Italy/2020/bulletins/RM_News_2021_63.pdf",2020,"8",19,"Sicily",38.11569725,13.3623566999999,0,"N/1000000","0.0",4833705
"https://github.com/fbranda/measles/blob/main/Italy/2020/bulletins/RM_News_2021_63.pdf",2020,"9",19,"Sicily",38.11569725,13.3623566999999,0,"N/1000000","0.0",4833705
"https://github.com/fbranda/measles/blob/main/Italy/2020/bulletins/RM_News_2021_63.pdf",2020,"10",19,"Sicily",38.11569725,13.3623566999999,0,"N/1000000","0.0",4833705
"https://github.com/fbranda/measles/blob/main/Italy/2020/bulletins/RM_News_2021_63.pdf",2020,"11",19,"Sicily",38.11569725,13.3623566999999,0,"N/1000000","0.0",4833705
"https://github.com/fbranda/measles/blob/main/Italy/2020/bulletins/RM_News_2021_63.pdf",2020,"12",19,"Sicily",38.11569725,13.3623566999999,0,"N/1000000","0.0",4833705
"https://github.com/fbranda/measles/blob/main/Italy/2020/bulletins/RM_News_2021_63.pdf",2020,"Total",19,"Sicily",38.11569725,13.3623566999999,1,"N/1000000","0.2",4833705
"https://github.com/fbranda/measles/blob/main/Italy/2020/bulletins/RM_News_2021_63.pdf",2020,"1",9,"Tuscany",43.76923077,11.25588885,3,"N/1000000","0.8",3692865
"https://github.com/fbranda/measles/blob/main/Italy/2020/bulletins/RM_News_2021_63.pdf",2020,"2",9,"Tuscany",43.76923077,11.25588885,4,"N/1000000","1.1",3692865
"https://github.com/fbranda/measles/blob/main/Italy/2020/bulletins/RM_News_2021_63.pdf",2020,"3",9,"Tuscany",43.76923077,11.25588885,0,"N/1000000","0.0",3692865
"https://github.com/fbranda/measles/blob/main/Italy/2020/bulletins/RM_News_2021_63.pdf",2020,"4",9,"Tuscany",43.76923077,11.25588885,0,"N/1000000","0.0",3692865
"https://github.com/fbranda/measles/blob/main/Italy/2020/bulletins/RM_News_2021_63.pdf",2020,"5",9,"Tuscany",43.76923077,11.25588885,0,"N/1000000","0.0",3692865
"https://github.com/fbranda/measles/blob/main/Italy/2020/bulletins/RM_News_2021_63.pdf",2020,"6",9,"Tuscany",43.76923077,11.25588885,0,"N/1000000","0.0",3692865
"https://github.com/fbranda/measles/blob/main/Italy/2020/bulletins/RM_News_2021_63.pdf",2020,"8",9,"Tuscany",43.76923077,11.25588885,0,"N/1000000","0.0",3692865
"https://github.com/fbranda/measles/blob/main/Italy/2020/bulletins/RM_News_2021_63.pdf",2020,"8",9,"Tuscany",43.76923077,11.25588885,0,"N/1000000","0.0",3692865
"https://github.com/fbranda/measles/blob/main/Italy/2020/bulletins/RM_News_2021_63.pdf",2020,"9",9,"Tuscany",43.76923077,11.25588885,0,"N/1000000","0.0",3692865
"https://github.com/fbranda/measles/blob/main/Italy/2020/bulletins/RM_News_2021_63.pdf",2020,"10",9,"Tuscany",43.76923077,11.25588885,0,"N/1000000","0.0",3692865
"https://github.com/fbranda/measles/blob/main/Italy/2020/bulletins/RM_News_2021_63.pdf",2020,"11",9,"Tuscany",43.76923077,11.25588885,0,"N/1000000","0.0",3692865
"https://github.com/fbranda/measles/blob/main/Italy/2020/bulletins/RM_News_2021_63.pdf",2020,"12",9,"Tuscany",43.76923077,11.25588885,0,"N/1000000","0.0",3692865
"https://github.com/fbranda/measles/blob/main/Italy/2020/bulletins/RM_News_2021_63.pdf",2020,"Total",9,"Tuscany",43.76923077,11.25588885,7,"N/1000000","1.9",3692865
"https://github.com/fbranda/measles/blob/main/Italy/2020/bulletins/RM_News_2021_63.pdf",2020,"1",10,"Umbria",43.10675841,12.38824698,0,"N/1000000","0.0",865452
"https://github.com/fbranda/measles/blob/main/Italy/2020/bulletins/RM_News_2021_63.pdf",2020,"2",10,"Umbria",43.10675841,12.38824698,0,"N/1000000","0.0",865452
"https://github.com/fbranda/measles/blob/main/Italy/2020/bulletins/RM_News_2021_63.pdf",2020,"3",10,"Umbria",43.10675841,12.38824698,0,"N/1000000","0.0",865452
"https://github.com/fbranda/measles/blob/main/Italy/2020/bulletins/RM_News_2021_63.pdf",2020,"4",10,"Umbria",43.10675841,12.38824698,0,"N/1000000","0.0",865452
"https://github.com/fbranda/measles/blob/main/Italy/2020/bulletins/RM_News_2021_63.pdf",2020,"5",10,"Umbria",43.10675841,12.38824698,0,"N/1000000","0.0",865452
"https://github.com/fbranda/measles/blob/main/Italy/2020/bulletins/RM_News_2021_63.pdf",2020,"6",10,"Umbria",43.10675841,12.38824698,0,"N/1000000","0.0",865452
"https://github.com/fbranda/measles/blob/main/Italy/2020/bulletins/RM_News_2021_63.pdf",2020,"8",10,"Umbria",43.10675841,12.38824698,0,"N/1000000","0.0",865452
"https://github.com/fbranda/measles/blob/main/Italy/2020/bulletins/RM_News_2021_63.pdf",2020,"8",10,"Umbria",43.10675841,12.38824698,0,"N/1000000","0.0",865452
"https://github.com/fbranda/measles/blob/main/Italy/2020/bulletins/RM_News_2021_63.pdf",2020,"9",10,"Umbria",43.10675841,12.38824698,0,"N/1000000","0.0",865452
"https://github.com/fbranda/measles/blob/main/Italy/2020/bulletins/RM_News_2021_63.pdf",2020,"10",10,"Umbria",43.10675841,12.38824698,0,"N/1000000","0.0",865452
"https://github.com/fbranda/measles/blob/main/Italy/2020/bulletins/RM_News_2021_63.pdf",2020,"11",10,"Umbria",43.10675841,12.38824698,0,"N/1000000","0.0",865452
"https://github.com/fbranda/measles/blob/main/Italy/2020/bulletins/RM_News_2021_63.pdf",2020,"12",10,"Umbria",43.10675841,12.38824698,0,"N/1000000","0.0",865452
"https://github.com/fbranda/measles/blob/main/Italy/2020/bulletins/RM_News_2021_63.pdf",2020,"Total",10,"Umbria",43.10675841,12.38824698,0,"N/1000000","0.0",865452
"https://github.com/fbranda/measles/blob/main/Italy/2020/bulletins/RM_News_2021_63.pdf",2020,"1",5,"Veneto",45.43490485,12.33845213,1,"N/1000000","0.2",4869830
"https://github.com/fbranda/measles/blob/main/Italy/2020/bulletins/RM_News_2021_63.pdf",2020,"2",5,"Veneto",45.43490485,12.33845213,3,"N/1000000","0.6",4869830
"https://github.com/fbranda/measles/blob/main/Italy/2020/bulletins/RM_News_2021_63.pdf",2020,"3",5,"Veneto",45.43490485,12.33845213,2,"N/1000000","0.4",4869830
"https://github.com/fbranda/measles/blob/main/Italy/2020/bulletins/RM_News_2021_63.pdf",2020,"4",5,"Veneto",45.43490485,12.33845213,0,"N/1000000","0.0",4869830
"https://github.com/fbranda/measles/blob/main/Italy/2020/bulletins/RM_News_2021_63.pdf",2020,"5",5,"Veneto",45.43490485,12.33845213,0,"N/1000000","0.0",4869830
"https://github.com/fbranda/measles/blob/main/Italy/2020/bulletins/RM_News_2021_63.pdf",2020,"6",5,"Veneto",45.43490485,12.33845213,0,"N/1000000","0.0",4869830
"https://github.com/fbranda/measles/blob/main/Italy/2020/bulletins/RM_News_2021_63.pdf",2020,"8",5,"Veneto",45.43490485,12.33845213,0,"N/1000000","0.0",4869830
"https://github.com/fbranda/measles/blob/main/Italy/2020/bulletins/RM_News_2021_63.pdf",2020,"8",5,"Veneto",45.43490485,12.33845213,0,"N/1000000","0.0",4869830
"https://github.com/fbranda/measles/blob/main/Italy/2020/bulletins/RM_News_2021_63.pdf",2020,"9",5,"Veneto",45.43490485,12.33845213,0,"N/1000000","0.0",4869830
"https://github.com/fbranda/measles/blob/main/Italy/2020/bulletins/RM_News_2021_63.pdf",2020,"10",5,"Veneto",45.43490485,12.33845213,0,"N/1000000","0.0",4869830
"https://github.com/fbranda/measles/blob/main/Italy/2020/bulletins/RM_News_2021_63.pdf",2020,"11",5,"Veneto",45.43490485,12.33845213,0,"N/1000000","0.0",4869830
"https://github.com/fbranda/measles/blob/main/Italy/2020/bulletins/RM_News_2021_63.pdf",2020,"12",5,"Veneto",45.43490485,12.33845213,0,"N/1000000","0.0",4869830
"https://github.com/fbranda/measles/blob/main/Italy/2020/bulletins/RM_News_2021_63.pdf",2020,"Total",5,"Veneto",45.43490485,12.33845213,6,"N/1000000","1.2",4869830
